"features_all","pvalues","adj_pvalues"
"DPP4","0.214285714285714","0.396103896103896"
"BSG","0.396103896103896","0.396103896103896"
