"features_all","pvalues","adj_pvalues"
"CLEC10A","0.00505050505050505","0.0252525252525253"
"ASGR1","0.0151515151515152","0.0378787878787879"
"BSG","0.101010101010101","0.16729797979798"
"DPP4","0.133838383838384","0.16729797979798"
"NRP1","0.319444444444444","0.319444444444444"
