"features_all","pvalues","adj_pvalues"
"BSG","0.0165413533834586","0.0330827067669173"
"DPP4","0.451127819548872","0.451127819548872"
