"features_all","pvalues","adj_pvalues"
"CLEC10A","0.00126262626262626","0.00378787878787879"
"BSG","0.00883838383838384","0.0132575757575758"
"ASGR1","0.101010101010101","0.101010101010101"
