"features_all","pvalues","adj_pvalues"
"CD26","0.00553080743700191","0.00921961819877669"
"CD209","0.0061464121325178","0.00921961819877669"
"CD304","0.0408789457084755","0.0408789457084755"
