"features_all","pvalues","adj_pvalues"
"BSG","0.0555849050275046","0.111169810055009"
"DPP4","0.172643536886896","0.172643536886896"
