"features_all","pvalues","adj_pvalues"
"CD304","0.186823951529834","0.29471411824353"
"CD26","0.29471411824353","0.29471411824353"
"CD209","0.29471411824353","0.29471411824353"
