"features_all","pvalues","adj_pvalues"
"ASGR1","0.0228757659035494","0.0457515318070989"
"BSG","0.135467807498304","0.135467807498304"
