"features_all","pvalues","adj_pvalues"
"CD26","0.00388020594927752","0.00625252138046262"
"CD209","0.00625252138046262","0.00625252138046262"
