"features_all","pvalues","adj_pvalues"
"CD304","0.218781218781219","0.601398601398601"
"CD26","0.5","0.601398601398601"
"CD209","0.601398601398601","0.601398601398601"
