"features_all","pvalues","adj_pvalues"
"CD26","0.0280262735333339","0.0840788206000016"
"CD209","0.366298015206873","0.549447022810309"
"CD304","0.620062814863842","0.620062814863842"
