"features_all","pvalues","adj_pvalues"
"ASGR1","0.00928889164183282","0.0183277242100772"
"BSG","0.0122184828067181","0.0183277242100772"
"CLEC10A","0.0286627345450875","0.0286627345450875"
