"features_all","pvalues","adj_pvalues"
"CLEC10A","0.142857142857143","0.214285714285714"
"BSG","0.142857142857143","0.214285714285714"
"ASGR1","0.571428571428571","0.571428571428571"
