"features_all","pvalues","adj_pvalues"
"CD26","0.285714285714286","0.428571428571429"
"CD304","0.285714285714286","0.428571428571429"
"CD209","0.571428571428571","0.571428571428571"
