"features_all","pvalues","adj_pvalues"
"BSG","0.0053720676953952","0.0161162030861856"
"CLEC10A","0.0351149127565873","0.0526723691348809"
"ASGR1","0.559512203744267","0.559512203744267"
