"features_all","pvalues","adj_pvalues"
"CD26","0.348398509254614","0.587125626748888"
"CD209","0.391417084499259","0.587125626748888"
"CD304","0.60626863601692","0.60626863601692"
