"features_all","pvalues","adj_pvalues"
"BSG","0.429613876086965","0.560646986945143"
"ASGR1","0.560646986945143","0.560646986945143"
