"features_all","pvalues","adj_pvalues"
"CD209","0.00035865854315025","0.000717317086300499"
"CD26","0.0968558634691068","0.0968558634691068"
