"features_all","pvalues","adj_pvalues"
"CD26","0.0989766987026136","0.296930096107841"
"CD304","0.412390206623338","0.529415335142911"
"CD209","0.529415335142911","0.529415335142911"
