"features_all","pvalues","adj_pvalues"
"BSG","0.00648470171263708","0.00648470171263708"
