"features_all","pvalues","adj_pvalues"
"BSG","0.0371637782820753","0.0371637782820753"
