"features_all","pvalues","adj_pvalues"
"CD209","0.080853756682455","0.242561270047365"
"CD304","0.26390425930966","0.395856388964489"
"CD26","0.512407568687599","0.512407568687599"
