"features_all","pvalues","adj_pvalues"
"BSG","0.0577435347032285","0.0577435347032285"
