"features_all","pvalues","adj_pvalues"
"CD26","0.000852519108188367","0.00127877866228255"
"CD304","0.000852519108188367","0.00127877866228255"
"CD209","0.00322805061016073","0.00322805061016073"
