"features_all","pvalues","adj_pvalues"
"CD26","0.203539702828418","0.203539702828418"
