"features_all","pvalues","adj_pvalues"
"BSG","0.00883838383838384","0.00883838383838384"
