"features_all","pvalues","adj_pvalues"
"CD209","0.00475419910469891","0.0120362886995225"
"CD304","0.00802419246634832","0.0120362886995225"
"CD26","0.027544783411349","0.027544783411349"
