"features_all","pvalues","adj_pvalues"
"BSG","0.133838383838384","0.171717171717172"
"DPP4","0.171717171717172","0.171717171717172"
