"features_all","pvalues","adj_pvalues"
"CD304","0.00252525252525253","0.00757575757575758"
"CD26","0.023989898989899","0.0359848484848485"
"CD209","0.053030303030303","0.053030303030303"
