"features_all","pvalues","adj_pvalues"
"CD209","0.172643536886896","0.347872941943151"
"CD304","0.301617909980353","0.347872941943151"
"CD26","0.347872941943151","0.347872941943151"
