"features_all","pvalues","adj_pvalues"
"BSG","0.0365591225668248","0.0365591225668248"
