"features_all","pvalues","adj_pvalues"
"CD26","0.294568634920771","0.294568634920771"
