"features_all","pvalues","adj_pvalues"
"CD209","0.026973026973027","0.0809190809190809"
"CD304","0.0939060939060939","0.140859140859141"
"CD26","0.527472527472527","0.527472527472527"
