"features_all","pvalues","adj_pvalues"
"ASGR1","0.218781218781219","0.34965034965035"
"BSG","0.34965034965035","0.34965034965035"
