"features_all","pvalues","adj_pvalues"
"CD26","0.0483601524788194","0.0909567210765329"
"CD209","0.0606855942834555","0.0909567210765329"
"CD304","0.0909567210765329","0.0909567210765329"
