"features_all","pvalues","adj_pvalues"
"CD304","0.303196803196803","0.550949050949051"
"CD26","0.398601398601399","0.550949050949051"
"CD209","0.550949050949051","0.550949050949051"
