"features_all","pvalues","adj_pvalues"
"CD304","0.133699633699634","0.282967032967033"
"CD26","0.188644688644689","0.282967032967033"
"CD209","0.291666666666667","0.291666666666667"
