"features_all","pvalues","adj_pvalues"
"CD26","0.00059655401374959","0.00178966204124877"
"CD304","0.00169331144924942","0.00253996717387413"
"CD209","0.0704859814900383","0.0704859814900383"
