"features_all","pvalues","adj_pvalues"
"DPP4","0.023989898989899","0.047979797979798"
"BSG","0.438131313131313","0.438131313131313"
