"features_all","pvalues","adj_pvalues"
"CD26","0.026961266011397","0.0657447237096683"
"CD304","0.0438298158064456","0.0657447237096683"
"CD209","0.674151514541397","0.674151514541397"
