"features_all","pvalues","adj_pvalues"
"CD304","0.151309771538382","0.267769118512248"
"CD26","0.20306229670712","0.267769118512248"
"CD209","0.267769118512248","0.267769118512248"
