"features_all","pvalues","adj_pvalues"
"CD209","0.193164730006835","0.325632262474368"
"CD26","0.217088174982912","0.325632262474368"
"CD304","0.355980861244019","0.355980861244019"
