"features_all","pvalues","adj_pvalues"
"DPP4","0.259741178414072","0.519482356828145"
"BSG","0.737167042225632","0.737167042225632"
